country,year,mcv1
AFG,2020,0.61
AGO,2020,0.48
ALB,2020,0.9
ARG,2020,0.82
ARM,2020,0.9
AZE,2020,0.93
BDI,2020,0.87
BEN,2020,0.65
BFA,2020,0.84
BGD,2020,0.92
BGR,2020,0.9
BIH,2020,0.65
BLR,2020,0.93
BLZ,2020,0.91
BOL,2020,0.75
BRA,2020,0.86
BTN,2020,0.92
BWA,2020,0.92
CAF,2020,0.39
CHN,2020,0.94
CIV,2020,0.69
CMR,2020,0.57
COD,2020,0.62
COG,2020,0.69
COL,2020,0.9
COM,2020,0.86
CPV,2020,0.93
CRI,2020,0.9
CUB,2020,0.94
DJI,2020,0.79
DMA,2020,0.87
DOM,2020,0.91
DZA,2020,0.76
ECU,2020,0.79
EGY,2020,0.9
ERI,2020,0.88
ETH,2020,0.55
FJI,2020,0.91
FSM,2020,0.74
GAB,2020,0.59
GEO,2020,0.94
GHA,2020,0.87
GIN,2020,0.45
GMB,2020,0.81
GNB,2020,0.75
GNQ,2020,0.5
GRD,2020,0.89
GTM,2020,0.86
GUY,2020,0.93
HND,2020,0.85
HTI,2020,0.62
IDN,2020,0.84
IND,2020,0.9
IRN,2020,0.94
IRQ,2020,0.78
JAM,2020,0.89
JOR,2020,0.83
KAZ,2020,0.94
KEN,2020,0.85
KGZ,2020,0.91
KHM,2020,0.8
KIR,2020,0.89
LAO,2020,0.79
LBN,2020,0.78
LBR,2020,0.65
LBY,2020,0.69
LCA,2020,0.91
LKA,2020,0.94
LSO,2020,0.86
MAR,2020,0.94
MDA,2020,0.92
MDG,2020,0.52
MDV,2020,0.94
MEX,2020,0.69
MHL,2020,0.81
MKD,2020,0.71
MLI,2020,0.67
MMR,2020,0.8
MNE,2020,0.31
MNG,2020,0.93
MOZ,2020,0.83
MRT,2020,0.71
MWI,2020,0.87
MYS,2020,0.92
NAM,2020,0.76
NER,2020,0.75
NGA,2020,0.54
NIC,2020,0.94
NPL,2020,0.87
PAK,2020,0.77
PER,2020,0.81
PHL,2020,0.71
PNG,2020,0.35
PRK,2020,0.93
PRY,2020,0.83
PSE,2020,0.94
RUS,2020,0.93
RWA,2020,0.91
SDN,2020,0.86
SEN,2020,0.85
SLB,2020,0.77
SLE,2020,0.88
SLV,2020,0.78
SOM,2020,0.44
SRB,2020,0.83
SSD,2020,0.47
STP,2020,0.9
SUR,2020,0.61
SWZ,2020,0.77
SYR,2020,0.62
TCD,2020,0.39
TGO,2020,0.71
THA,2020,0.91
TJK,2020,0.93
TKM,2020,0.94
TLS,2020,0.81
TON,2020,0.94
TUN,2020,0.93
TUR,2020,0.92
TUV,2020,0.91
TZA,2020,0.84
UGA,2020,0.83
UKR,2020,0.88
UZB,2020,0.93
VCT,2020,0.94
VEN,2020,0.88
VNM,2020,0.9
VUT,2020,0.76
WSM,2020,0.91
YEM,2020,0.64
ZAF,2020,0.79
ZMB,2020,0.88
ZWE,2020,0.81
AFG,2021,0.61
AGO,2021,0.48
ALB,2021,0.9
ARG,2021,0.82
ARM,2021,0.9
AZE,2021,0.93
BDI,2021,0.87
BEN,2021,0.65
BFA,2021,0.84
BGD,2021,0.92
BGR,2021,0.9
BIH,2021,0.65
BLR,2021,0.93
BLZ,2021,0.91
BOL,2021,0.75
BRA,2021,0.86
BTN,2021,0.92
BWA,2021,0.92
CAF,2021,0.39
CHN,2021,0.94
CIV,2021,0.69
CMR,2021,0.57
COD,2021,0.62
COG,2021,0.69
COL,2021,0.9
COM,2021,0.86
CPV,2021,0.93
CRI,2021,0.9
CUB,2021,0.94
DJI,2021,0.79
DMA,2021,0.87
DOM,2021,0.91
DZA,2021,0.76
ECU,2021,0.79
EGY,2021,0.9
ERI,2021,0.88
ETH,2021,0.55
FJI,2021,0.91
FSM,2021,0.74
GAB,2021,0.59
GEO,2021,0.94
GHA,2021,0.87
GIN,2021,0.45
GMB,2021,0.81
GNB,2021,0.75
GNQ,2021,0.5
GRD,2021,0.89
GTM,2021,0.86
GUY,2021,0.93
HND,2021,0.85
HTI,2021,0.62
IDN,2021,0.84
IND,2021,0.9
IRN,2021,0.94
IRQ,2021,0.78
JAM,2021,0.89
JOR,2021,0.83
KAZ,2021,0.94
KEN,2021,0.85
KGZ,2021,0.91
KHM,2021,0.8
KIR,2021,0.89
LAO,2021,0.79
LBN,2021,0.78
LBR,2021,0.65
LBY,2021,0.69
LCA,2021,0.91
LKA,2021,0.94
LSO,2021,0.86
MAR,2021,0.94
MDA,2021,0.92
MDG,2021,0.52
MDV,2021,0.94
MEX,2021,0.69
MHL,2021,0.81
MKD,2021,0.71
MLI,2021,0.67
MMR,2021,0.8
MNE,2021,0.31
MNG,2021,0.93
MOZ,2021,0.83
MRT,2021,0.71
MWI,2021,0.87
MYS,2021,0.92
NAM,2021,0.76
NER,2021,0.75
NGA,2021,0.54
NIC,2021,0.94
NPL,2021,0.87
PAK,2021,0.77
PER,2021,0.81
PHL,2021,0.71
PNG,2021,0.35
PRK,2021,0.93
PRY,2021,0.83
PSE,2021,0.94
RUS,2021,0.93
RWA,2021,0.91
SDN,2021,0.86
SEN,2021,0.85
SLB,2021,0.77
SLE,2021,0.88
SLV,2021,0.78
SOM,2021,0.44
SRB,2021,0.83
SSD,2021,0.47
STP,2021,0.9
SUR,2021,0.61
SWZ,2021,0.77
SYR,2021,0.62
TCD,2021,0.39
TGO,2021,0.71
THA,2021,0.91
TJK,2021,0.93
TKM,2021,0.94
TLS,2021,0.81
TON,2021,0.94
TUN,2021,0.93
TUR,2021,0.92
TUV,2021,0.91
TZA,2021,0.84
UGA,2021,0.83
UKR,2021,0.88
UZB,2021,0.93
VCT,2021,0.94
VEN,2021,0.88
VNM,2021,0.9
VUT,2021,0.76
WSM,2021,0.91
YEM,2021,0.64
ZAF,2021,0.79
ZMB,2021,0.88
ZWE,2021,0.81
AFG,2022,0.62
AGO,2022,0.49
ALB,2022,0.92
ARG,2022,0.83
ARM,2022,0.92
AZE,2022,0.95
BDI,2022,0.89
BEN,2022,0.66
BFA,2022,0.85
BGD,2022,0.94
BGR,2022,0.92
BIH,2022,0.66
BLR,2022,0.95
BLZ,2022,0.93
BOL,2022,0.76
BRA,2022,0.88
BTN,2022,0.94
BWA,2022,0.94
CAF,2022,0.4
CHN,2022,0.96
CIV,2022,0.71
CMR,2022,0.58
COD,2022,0.63
COG,2022,0.71
COL,2022,0.92
COM,2022,0.87
CPV,2022,0.95
CRI,2022,0.92
CUB,2022,0.96
DJI,2022,0.8
DMA,2022,0.89
DOM,2022,0.93
DZA,2022,0.77
ECU,2022,0.8
EGY,2022,0.92
ERI,2022,0.9
ETH,2022,0.56
FJI,2022,0.93
FSM,2022,0.75
GAB,2022,0.6
GEO,2022,0.96
GHA,2022,0.89
GIN,2022,0.45
GMB,2022,0.82
GNB,2022,0.76
GNQ,2022,0.51
GRD,2022,0.91
GTM,2022,0.87
GUY,2022,0.95
HND,2022,0.86
HTI,2022,0.63
IDN,2022,0.85
IND,2022,0.92
IRN,2022,0.96
IRQ,2022,0.79
JAM,2022,0.91
JOR,2022,0.84
KAZ,2022,0.96
KEN,2022,0.86
KGZ,2022,0.93
KHM,2022,0.81
KIR,2022,0.91
LAO,2022,0.8
LBN,2022,0.79
LBR,2022,0.66
LBY,2022,0.71
LCA,2022,0.93
LKA,2022,0.96
LSO,2022,0.87
MAR,2022,0.96
MDA,2022,0.94
MDG,2022,0.53
MDV,2022,0.96
MEX,2022,0.71
MHL,2022,0.82
MKD,2022,0.73
MLI,2022,0.68
MMR,2022,0.81
MNE,2022,0.32
MNG,2022,0.95
MOZ,2022,0.84
MRT,2022,0.73
MWI,2022,0.89
MYS,2022,0.94
NAM,2022,0.77
NER,2022,0.76
NGA,2022,0.55
NIC,2022,0.96
NPL,2022,0.89
PAK,2022,0.78
PER,2022,0.82
PHL,2022,0.73
PNG,2022,0.36
PRK,2022,0.95
PRY,2022,0.84
PSE,2022,0.96
RUS,2022,0.95
RWA,2022,0.93
SDN,2022,0.87
SEN,2022,0.86
SLB,2022,0.78
SLE,2022,0.9
SLV,2022,0.79
SOM,2022,0.44
SRB,2022,0.84
SSD,2022,0.47
STP,2022,0.92
SUR,2022,0.62
SWZ,2022,0.78
SYR,2022,0.63
TCD,2022,0.4
TGO,2022,0.73
THA,2022,0.93
TJK,2022,0.95
TKM,2022,0.96
TLS,2022,0.82
TON,2022,0.96
TUN,2022,0.95
TUR,2022,0.94
TUV,2022,0.93
TZA,2022,0.85
UGA,2022,0.84
UKR,2022,0.9
UZB,2022,0.95
VCT,2022,0.96
VEN,2022,0.9
VNM,2022,0.92
VUT,2022,0.77
WSM,2022,0.93
YEM,2022,0.65
ZAF,2022,0.8
ZMB,2022,0.9
ZWE,2022,0.82
AFG,2023,0.63
AGO,2023,0.5
ALB,2023,0.93
ARG,2023,0.85
ARM,2023,0.93
AZE,2023,0.96
BDI,2023,0.9
BEN,2023,0.67
BFA,2023,0.87
BGD,2023,0.95
BGR,2023,0.93
BIH,2023,0.67
BLR,2023,0.96
BLZ,2023,0.94
BOL,2023,0.78
BRA,2023,0.89
BTN,2023,0.95
BWA,2023,0.95
CAF,2023,0.4
CHN,2023,0.97
CIV,2023,0.72
CMR,2023,0.59
COD,2023,0.64
COG,2023,0.72
COL,2023,0.93
COM,2023,0.89
CPV,2023,0.96
CRI,2023,0.93
CUB,2023,0.97
DJI,2023,0.82
DMA,2023,0.9
DOM,2023,0.94
DZA,2023,0.79
ECU,2023,0.82
EGY,2023,0.93
ERI,2023,0.91
ETH,2023,0.57
FJI,2023,0.94
FSM,2023,0.77
GAB,2023,0.61
GEO,2023,0.97
GHA,2023,0.9
GIN,2023,0.46
GMB,2023,0.84
GNB,2023,0.78
GNQ,2023,0.52
GRD,2023,0.92
GTM,2023,0.89
GUY,2023,0.96
HND,2023,0.88
HTI,2023,0.64
IDN,2023,0.87
IND,2023,0.93
IRN,2023,0.97
IRQ,2023,0.81
JAM,2023,0.92
JOR,2023,0.86
KAZ,2023,0.97
KEN,2023,0.88
KGZ,2023,0.94
KHM,2023,0.83
KIR,2023,0.92
LAO,2023,0.82
LBN,2023,0.81
LBR,2023,0.67
LBY,2023,0.72
LCA,2023,0.94
LKA,2023,0.97
LSO,2023,0.89
MAR,2023,0.97
MDA,2023,0.95
MDG,2023,0.54
MDV,2023,0.97
MEX,2023,0.72
MHL,2023,0.84
MKD,2023,0.74
MLI,2023,0.69
MMR,2023,0.83
MNE,2023,0.32
MNG,2023,0.96
MOZ,2023,0.86
MRT,2023,0.74
MWI,2023,0.9
MYS,2023,0.95
NAM,2023,0.79
NER,2023,0.78
NGA,2023,0.56
NIC,2023,0.97
NPL,2023,0.9
PAK,2023,0.8
PER,2023,0.84
PHL,2023,0.74
PNG,2023,0.36
PRK,2023,0.96
PRY,2023,0.86
PSE,2023,0.97
RUS,2023,0.96
RWA,2023,0.94
SDN,2023,0.89
SEN,2023,0.88
SLB,2023,0.8
SLE,2023,0.91
SLV,2023,0.81
SOM,2023,0.45
SRB,2023,0.86
SSD,2023,0.48
STP,2023,0.93
SUR,2023,0.63
SWZ,2023,0.8
SYR,2023,0.64
TCD,2023,0.4
TGO,2023,0.74
THA,2023,0.94
TJK,2023,0.96
TKM,2023,0.97
TLS,2023,0.84
TON,2023,0.97
TUN,2023,0.96
TUR,2023,0.95
TUV,2023,0.94
TZA,2023,0.87
UGA,2023,0.86
UKR,2023,0.91
UZB,2023,0.96
VCT,2023,0.97
VEN,2023,0.91
VNM,2023,0.93
VUT,2023,0.79
WSM,2023,0.94
YEM,2023,0.66
ZAF,2023,0.82
ZMB,2023,0.91
ZWE,2023,0.84
AFG,2024,0.64
AGO,2024,0.51
ALB,2024,0.95
ARG,2024,0.86
ARM,2024,0.95
AZE,2024,0.98
BDI,2024,0.92
BEN,2024,0.68
BFA,2024,0.88
BGD,2024,0.97
BGR,2024,0.95
BIH,2024,0.68
BLR,2024,0.98
BLZ,2024,0.96
BOL,2024,0.79
BRA,2024,0.91
BTN,2024,0.97
BWA,2024,0.97
CAF,2024,0.41
CHN,2024,0.99
CIV,2024,0.73
CMR,2024,0.6
COD,2024,0.65
COG,2024,0.73
COL,2024,0.95
COM,2024,0.9
CPV,2024,0.98
CRI,2024,0.95
CUB,2024,0.99
DJI,2024,0.83
DMA,2024,0.92
DOM,2024,0.96
DZA,2024,0.8
ECU,2024,0.83
EGY,2024,0.95
ERI,2024,0.93
ETH,2024,0.58
FJI,2024,0.96
FSM,2024,0.78
GAB,2024,0.62
GEO,2024,0.99
GHA,2024,0.92
GIN,2024,0.47
GMB,2024,0.85
GNB,2024,0.79
GNQ,2024,0.53
GRD,2024,0.94
GTM,2024,0.9
GUY,2024,0.98
HND,2024,0.89
HTI,2024,0.65
IDN,2024,0.88
IND,2024,0.95
IRN,2024,0.99
IRQ,2024,0.82
JAM,2024,0.94
JOR,2024,0.87
KAZ,2024,0.99
KEN,2024,0.89
KGZ,2024,0.96
KHM,2024,0.84
KIR,2024,0.94
LAO,2024,0.83
LBN,2024,0.82
LBR,2024,0.68
LBY,2024,0.73
LCA,2024,0.96
LKA,2024,0.99
LSO,2024,0.9
MAR,2024,0.99
MDA,2024,0.97
MDG,2024,0.55
MDV,2024,0.99
MEX,2024,0.73
MHL,2024,0.85
MKD,2024,0.75
MLI,2024,0.7
MMR,2024,0.84
MNE,2024,0.33
MNG,2024,0.98
MOZ,2024,0.87
MRT,2024,0.75
MWI,2024,0.92
MYS,2024,0.97
NAM,2024,0.8
NER,2024,0.79
NGA,2024,0.57
NIC,2024,0.99
NPL,2024,0.92
PAK,2024,0.81
PER,2024,0.85
PHL,2024,0.75
PNG,2024,0.37
PRK,2024,0.98
PRY,2024,0.87
PSE,2024,0.99
RUS,2024,0.98
RWA,2024,0.96
SDN,2024,0.9
SEN,2024,0.89
SLB,2024,0.81
SLE,2024,0.93
SLV,2024,0.82
SOM,2024,0.46
SRB,2024,0.87
SSD,2024,0.49
STP,2024,0.95
SUR,2024,0.64
SWZ,2024,0.81
SYR,2024,0.65
TCD,2024,0.41
TGO,2024,0.75
THA,2024,0.96
TJK,2024,0.98
TKM,2024,0.99
TLS,2024,0.85
TON,2024,0.99
TUN,2024,0.98
TUR,2024,0.97
TUV,2024,0.96
TZA,2024,0.88
UGA,2024,0.87
UKR,2024,0.93
UZB,2024,0.98
VCT,2024,0.99
VEN,2024,0.93
VNM,2024,0.95
VUT,2024,0.8
WSM,2024,0.96
YEM,2024,0.67
ZAF,2024,0.83
ZMB,2024,0.93
ZWE,2024,0.85
AFG,2025,0.65
AGO,2025,0.52
ALB,2025,0.96
ARG,2025,0.87
ARM,2025,0.96
AZE,2025,0.98
BDI,2025,0.93
BEN,2025,0.69
BFA,2025,0.89
BGD,2025,0.97
BGR,2025,0.96
BIH,2025,0.69
BLR,2025,0.98
BLZ,2025,0.96
BOL,2025,0.8
BRA,2025,0.92
BTN,2025,0.97
BWA,2025,0.97
CAF,2025,0.41
CHN,2025,0.99
CIV,2025,0.74
CMR,2025,0.61
COD,2025,0.66
COG,2025,0.74
COL,2025,0.96
COM,2025,0.91
CPV,2025,0.98
CRI,2025,0.96
CUB,2025,0.99
DJI,2025,0.84
DMA,2025,0.93
DOM,2025,0.96
DZA,2025,0.81
ECU,2025,0.84
EGY,2025,0.96
ERI,2025,0.94
ETH,2025,0.59
FJI,2025,0.96
FSM,2025,0.79
GAB,2025,0.63
GEO,2025,0.99
GHA,2025,0.93
GIN,2025,0.47
GMB,2025,0.86
GNB,2025,0.8
GNQ,2025,0.54
GRD,2025,0.95
GTM,2025,0.91
GUY,2025,0.98
HND,2025,0.9
HTI,2025,0.66
IDN,2025,0.89
IND,2025,0.96
IRN,2025,0.99
IRQ,2025,0.83
JAM,2025,0.95
JOR,2025,0.88
KAZ,2025,0.99
KEN,2025,0.9
KGZ,2025,0.96
KHM,2025,0.85
KIR,2025,0.95
LAO,2025,0.84
LBN,2025,0.83
LBR,2025,0.69
LBY,2025,0.74
LCA,2025,0.96
LKA,2025,0.99
LSO,2025,0.91
MAR,2025,0.99
MDA,2025,0.97
MDG,2025,0.56
MDV,2025,0.99
MEX,2025,0.74
MHL,2025,0.86
MKD,2025,0.76
MLI,2025,0.71
MMR,2025,0.85
MNE,2025,0.33
MNG,2025,0.98
MOZ,2025,0.88
MRT,2025,0.76
MWI,2025,0.93
MYS,2025,0.97
NAM,2025,0.81
NER,2025,0.8
NGA,2025,0.58
NIC,2025,0.99
NPL,2025,0.93
PAK,2025,0.82
PER,2025,0.86
PHL,2025,0.76
PNG,2025,0.37
PRK,2025,0.98
PRY,2025,0.88
PSE,2025,0.99
RUS,2025,0.98
RWA,2025,0.96
SDN,2025,0.91
SEN,2025,0.9
SLB,2025,0.82
SLE,2025,0.94
SLV,2025,0.83
SOM,2025,0.46
SRB,2025,0.88
SSD,2025,0.49
STP,2025,0.96
SUR,2025,0.65
SWZ,2025,0.82
SYR,2025,0.66
TCD,2025,0.41
TGO,2025,0.76
THA,2025,0.96
TJK,2025,0.98
TKM,2025,0.99
TLS,2025,0.86
TON,2025,0.99
TUN,2025,0.98
TUR,2025,0.97
TUV,2025,0.96
TZA,2025,0.89
UGA,2025,0.88
UKR,2025,0.94
UZB,2025,0.98
VCT,2025,0.99
VEN,2025,0.94
VNM,2025,0.96
VUT,2025,0.81
WSM,2025,0.96
YEM,2025,0.68
ZAF,2025,0.84
ZMB,2025,0.94
ZWE,2025,0.86
AFG,2026,0.65
AGO,2026,0.52
ALB,2026,0.96
ARG,2026,0.88
ARM,2026,0.96
AZE,2026,0.98
BDI,2026,0.94
BEN,2026,0.69
BFA,2026,0.9
BGD,2026,0.97
BGR,2026,0.96
BIH,2026,0.69
BLR,2026,0.98
BLZ,2026,0.96
BOL,2026,0.81
BRA,2026,0.93
BTN,2026,0.97
BWA,2026,0.97
CAF,2026,0.42
CHN,2026,0.99
CIV,2026,0.74
CMR,2026,0.61
COD,2026,0.66
COG,2026,0.74
COL,2026,0.96
COM,2026,0.92
CPV,2026,0.98
CRI,2026,0.96
CUB,2026,0.99
DJI,2026,0.85
DMA,2026,0.94
DOM,2026,0.96
DZA,2026,0.82
ECU,2026,0.85
EGY,2026,0.96
ERI,2026,0.95
ETH,2026,0.59
FJI,2026,0.96
FSM,2026,0.8
GAB,2026,0.63
GEO,2026,0.99
GHA,2026,0.94
GIN,2026,0.48
GMB,2026,0.87
GNB,2026,0.81
GNQ,2026,0.54
GRD,2026,0.96
GTM,2026,0.92
GUY,2026,0.98
HND,2026,0.91
HTI,2026,0.66
IDN,2026,0.9
IND,2026,0.96
IRN,2026,0.99
IRQ,2026,0.84
JAM,2026,0.96
JOR,2026,0.89
KAZ,2026,0.99
KEN,2026,0.91
KGZ,2026,0.96
KHM,2026,0.86
KIR,2026,0.96
LAO,2026,0.85
LBN,2026,0.84
LBR,2026,0.69
LBY,2026,0.74
LCA,2026,0.96
LKA,2026,0.99
LSO,2026,0.92
MAR,2026,0.99
MDA,2026,0.97
MDG,2026,0.56
MDV,2026,0.99
MEX,2026,0.74
MHL,2026,0.87
MKD,2026,0.77
MLI,2026,0.71
MMR,2026,0.86
MNE,2026,0.34
MNG,2026,0.98
MOZ,2026,0.89
MRT,2026,0.77
MWI,2026,0.94
MYS,2026,0.97
NAM,2026,0.82
NER,2026,0.81
NGA,2026,0.58
NIC,2026,0.99
NPL,2026,0.94
PAK,2026,0.83
PER,2026,0.87
PHL,2026,0.77
PNG,2026,0.38
PRK,2026,0.98
PRY,2026,0.89
PSE,2026,0.99
RUS,2026,0.98
RWA,2026,0.96
SDN,2026,0.92
SEN,2026,0.91
SLB,2026,0.83
SLE,2026,0.95
SLV,2026,0.84
SOM,2026,0.47
SRB,2026,0.89
SSD,2026,0.5
STP,2026,0.96
SUR,2026,0.65
SWZ,2026,0.83
SYR,2026,0.66
TCD,2026,0.42
TGO,2026,0.77
THA,2026,0.96
TJK,2026,0.98
TKM,2026,0.99
TLS,2026,0.87
TON,2026,0.99
TUN,2026,0.98
TUR,2026,0.97
TUV,2026,0.96
TZA,2026,0.9
UGA,2026,0.89
UKR,2026,0.95
UZB,2026,0.98
VCT,2026,0.99
VEN,2026,0.95
VNM,2026,0.96
VUT,2026,0.82
WSM,2026,0.96
YEM,2026,0.68
ZAF,2026,0.85
ZMB,2026,0.95
ZWE,2026,0.87
AFG,2027,0.66
AGO,2027,0.53
ALB,2027,0.96
ARG,2027,0.89
ARM,2027,0.96
AZE,2027,0.98
BDI,2027,0.95
BEN,2027,0.7
BFA,2027,0.91
BGD,2027,0.97
BGR,2027,0.96
BIH,2027,0.7
BLR,2027,0.98
BLZ,2027,0.96
BOL,2027,0.81
BRA,2027,0.94
BTN,2027,0.97
BWA,2027,0.97
CAF,2027,0.42
CHN,2027,0.99
CIV,2027,0.75
CMR,2027,0.62
COD,2027,0.67
COG,2027,0.75
COL,2027,0.96
COM,2027,0.93
CPV,2027,0.98
CRI,2027,0.96
CUB,2027,0.99
DJI,2027,0.86
DMA,2027,0.95
DOM,2027,0.96
DZA,2027,0.82
ECU,2027,0.86
EGY,2027,0.96
ERI,2027,0.96
ETH,2027,0.6
FJI,2027,0.96
FSM,2027,0.8
GAB,2027,0.64
GEO,2027,0.99
GHA,2027,0.95
GIN,2027,0.48
GMB,2027,0.88
GNB,2027,0.81
GNQ,2027,0.55
GRD,2027,0.96
GTM,2027,0.93
GUY,2027,0.98
HND,2027,0.92
HTI,2027,0.67
IDN,2027,0.91
IND,2027,0.96
IRN,2027,0.99
IRQ,2027,0.84
JAM,2027,0.96
JOR,2027,0.9
KAZ,2027,0.99
KEN,2027,0.92
KGZ,2027,0.96
KHM,2027,0.87
KIR,2027,0.96
LAO,2027,0.86
LBN,2027,0.84
LBR,2027,0.7
LBY,2027,0.75
LCA,2027,0.96
LKA,2027,0.99
LSO,2027,0.93
MAR,2027,0.99
MDA,2027,0.97
MDG,2027,0.57
MDV,2027,0.99
MEX,2027,0.75
MHL,2027,0.88
MKD,2027,0.77
MLI,2027,0.72
MMR,2027,0.87
MNE,2027,0.34
MNG,2027,0.98
MOZ,2027,0.9
MRT,2027,0.77
MWI,2027,0.95
MYS,2027,0.97
NAM,2027,0.82
NER,2027,0.81
NGA,2027,0.59
NIC,2027,0.99
NPL,2027,0.95
PAK,2027,0.83
PER,2027,0.88
PHL,2027,0.77
PNG,2027,0.38
PRK,2027,0.98
PRY,2027,0.9
PSE,2027,0.99
RUS,2027,0.98
RWA,2027,0.96
SDN,2027,0.93
SEN,2027,0.92
SLB,2027,0.83
SLE,2027,0.96
SLV,2027,0.84
SOM,2027,0.47
SRB,2027,0.9
SSD,2027,0.5
STP,2027,0.96
SUR,2027,0.66
SWZ,2027,0.83
SYR,2027,0.67
TCD,2027,0.42
TGO,2027,0.77
THA,2027,0.96
TJK,2027,0.98
TKM,2027,0.99
TLS,2027,0.88
TON,2027,0.99
TUN,2027,0.98
TUR,2027,0.97
TUV,2027,0.96
TZA,2027,0.91
UGA,2027,0.9
UKR,2027,0.96
UZB,2027,0.98
VCT,2027,0.99
VEN,2027,0.96
VNM,2027,0.96
VUT,2027,0.82
WSM,2027,0.96
YEM,2027,0.69
ZAF,2027,0.86
ZMB,2027,0.96
ZWE,2027,0.88
AFG,2028,0.67
AGO,2028,0.53
ALB,2028,0.96
ARG,2028,0.89
ARM,2028,0.96
AZE,2028,0.98
BDI,2028,0.96
BEN,2028,0.71
BFA,2028,0.92
BGD,2028,0.97
BGR,2028,0.96
BIH,2028,0.71
BLR,2028,0.98
BLZ,2028,0.96
BOL,2028,0.82
BRA,2028,0.95
BTN,2028,0.97
BWA,2028,0.97
CAF,2028,0.43
CHN,2028,0.99
CIV,2028,0.76
CMR,2028,0.62
COD,2028,0.68
COG,2028,0.76
COL,2028,0.96
COM,2028,0.94
CPV,2028,0.98
CRI,2028,0.96
CUB,2028,0.99
DJI,2028,0.86
DMA,2028,0.96
DOM,2028,0.96
DZA,2028,0.83
ECU,2028,0.86
EGY,2028,0.96
ERI,2028,0.96
ETH,2028,0.6
FJI,2028,0.96
FSM,2028,0.81
GAB,2028,0.65
GEO,2028,0.99
GHA,2028,0.96
GIN,2028,0.49
GMB,2028,0.88
GNB,2028,0.82
GNQ,2028,0.55
GRD,2028,0.96
GTM,2028,0.94
GUY,2028,0.98
HND,2028,0.93
HTI,2028,0.68
IDN,2028,0.92
IND,2028,0.96
IRN,2028,0.99
IRQ,2028,0.85
JAM,2028,0.96
JOR,2028,0.91
KAZ,2028,0.99
KEN,2028,0.93
KGZ,2028,0.96
KHM,2028,0.87
KIR,2028,0.96
LAO,2028,0.86
LBN,2028,0.85
LBR,2028,0.71
LBY,2028,0.76
LCA,2028,0.96
LKA,2028,0.99
LSO,2028,0.94
MAR,2028,0.99
MDA,2028,0.97
MDG,2028,0.57
MDV,2028,0.99
MEX,2028,0.76
MHL,2028,0.88
MKD,2028,0.78
MLI,2028,0.73
MMR,2028,0.87
MNE,2028,0.34
MNG,2028,0.98
MOZ,2028,0.91
MRT,2028,0.78
MWI,2028,0.96
MYS,2028,0.97
NAM,2028,0.83
NER,2028,0.82
NGA,2028,0.59
NIC,2028,0.99
NPL,2028,0.96
PAK,2028,0.84
PER,2028,0.88
PHL,2028,0.78
PNG,2028,0.39
PRK,2028,0.98
PRY,2028,0.91
PSE,2028,0.99
RUS,2028,0.98
RWA,2028,0.96
SDN,2028,0.94
SEN,2028,0.93
SLB,2028,0.84
SLE,2028,0.96
SLV,2028,0.85
SOM,2028,0.48
SRB,2028,0.91
SSD,2028,0.51
STP,2028,0.96
SUR,2028,0.67
SWZ,2028,0.84
SYR,2028,0.68
TCD,2028,0.43
TGO,2028,0.78
THA,2028,0.96
TJK,2028,0.98
TKM,2028,0.99
TLS,2028,0.88
TON,2028,0.99
TUN,2028,0.98
TUR,2028,0.97
TUV,2028,0.96
TZA,2028,0.92
UGA,2028,0.91
UKR,2028,0.96
UZB,2028,0.98
VCT,2028,0.99
VEN,2028,0.96
VNM,2028,0.96
VUT,2028,0.83
WSM,2028,0.96
YEM,2028,0.7
ZAF,2028,0.86
ZMB,2028,0.96
ZWE,2028,0.88
AFG,2029,0.67
AGO,2029,0.54
ALB,2029,0.96
ARG,2029,0.9
ARM,2029,0.96
AZE,2029,0.98
BDI,2029,0.96
BEN,2029,0.71
BFA,2029,0.92
BGD,2029,0.97
BGR,2029,0.96
BIH,2029,0.71
BLR,2029,0.98
BLZ,2029,0.96
BOL,2029,0.83
BRA,2029,0.96
BTN,2029,0.97
BWA,2029,0.97
CAF,2029,0.43
CHN,2029,0.99
CIV,2029,0.77
CMR,2029,0.63
COD,2029,0.68
COG,2029,0.77
COL,2029,0.96
COM,2029,0.95
CPV,2029,0.98
CRI,2029,0.96
CUB,2029,0.99
DJI,2029,0.87
DMA,2029,0.96
DOM,2029,0.96
DZA,2029,0.84
ECU,2029,0.87
EGY,2029,0.96
ERI,2029,0.96
ETH,2029,0.61
FJI,2029,0.96
FSM,2029,0.82
GAB,2029,0.65
GEO,2029,0.99
GHA,2029,0.96
GIN,2029,0.49
GMB,2029,0.89
GNB,2029,0.83
GNQ,2029,0.56
GRD,2029,0.96
GTM,2029,0.95
GUY,2029,0.98
HND,2029,0.94
HTI,2029,0.68
IDN,2029,0.92
IND,2029,0.96
IRN,2029,0.99
IRQ,2029,0.86
JAM,2029,0.96
JOR,2029,0.91
KAZ,2029,0.99
KEN,2029,0.94
KGZ,2029,0.96
KHM,2029,0.88
KIR,2029,0.96
LAO,2029,0.87
LBN,2029,0.86
LBR,2029,0.71
LBY,2029,0.77
LCA,2029,0.96
LKA,2029,0.99
LSO,2029,0.95
MAR,2029,0.99
MDA,2029,0.97
MDG,2029,0.58
MDV,2029,0.99
MEX,2029,0.77
MHL,2029,0.89
MKD,2029,0.79
MLI,2029,0.74
MMR,2029,0.88
MNE,2029,0.35
MNG,2029,0.98
MOZ,2029,0.91
MRT,2029,0.79
MWI,2029,0.96
MYS,2029,0.97
NAM,2029,0.84
NER,2029,0.83
NGA,2029,0.6
NIC,2029,0.99
NPL,2029,0.96
PAK,2029,0.85
PER,2029,0.89
PHL,2029,0.79
PNG,2029,0.39
PRK,2029,0.98
PRY,2029,0.91
PSE,2029,0.99
RUS,2029,0.98
RWA,2029,0.96
SDN,2029,0.95
SEN,2029,0.94
SLB,2029,0.85
SLE,2029,0.96
SLV,2029,0.86
SOM,2029,0.48
SRB,2029,0.91
SSD,2029,0.51
STP,2029,0.96
SUR,2029,0.67
SWZ,2029,0.85
SYR,2029,0.68
TCD,2029,0.43
TGO,2029,0.79
THA,2029,0.96
TJK,2029,0.98
TKM,2029,0.99
TLS,2029,0.89
TON,2029,0.99
TUN,2029,0.98
TUR,2029,0.97
TUV,2029,0.96
TZA,2029,0.92
UGA,2029,0.91
UKR,2029,0.96
UZB,2029,0.98
VCT,2029,0.99
VEN,2029,0.96
VNM,2029,0.96
VUT,2029,0.84
WSM,2029,0.96
YEM,2029,0.7
ZAF,2029,0.87
ZMB,2029,0.96
ZWE,2029,0.89
AFG,2030,0.68
AGO,2030,0.54
ALB,2030,0.96
ARG,2030,0.91
ARM,2030,0.96
AZE,2030,0.98
BDI,2030,0.96
BEN,2030,0.72
BFA,2030,0.93
BGD,2030,0.97
BGR,2030,0.96
BIH,2030,0.72
BLR,2030,0.98
BLZ,2030,0.96
BOL,2030,0.84
BRA,2030,0.96
BTN,2030,0.97
BWA,2030,0.97
CAF,2030,0.44
CHN,2030,0.99
CIV,2030,0.77
CMR,2030,0.64
COD,2030,0.69
COG,2030,0.77
COL,2030,0.96
COM,2030,0.96
CPV,2030,0.98
CRI,2030,0.96
CUB,2030,0.99
DJI,2030,0.88
DMA,2030,0.96
DOM,2030,0.96
DZA,2030,0.85
ECU,2030,0.88
EGY,2030,0.96
ERI,2030,0.96
ETH,2030,0.62
FJI,2030,0.96
FSM,2030,0.83
GAB,2030,0.66
GEO,2030,0.99
GHA,2030,0.96
GIN,2030,0.5
GMB,2030,0.9
GNB,2030,0.84
GNQ,2030,0.56
GRD,2030,0.96
GTM,2030,0.96
GUY,2030,0.98
HND,2030,0.94
HTI,2030,0.69
IDN,2030,0.93
IND,2030,0.96
IRN,2030,0.99
IRQ,2030,0.87
JAM,2030,0.96
JOR,2030,0.92
KAZ,2030,0.99
KEN,2030,0.94
KGZ,2030,0.96
KHM,2030,0.89
KIR,2030,0.96
LAO,2030,0.88
LBN,2030,0.87
LBR,2030,0.72
LBY,2030,0.77
LCA,2030,0.96
LKA,2030,0.99
LSO,2030,0.96
MAR,2030,0.99
MDA,2030,0.97
MDG,2030,0.58
MDV,2030,0.99
MEX,2030,0.77
MHL,2030,0.9
MKD,2030,0.8
MLI,2030,0.74
MMR,2030,0.89
MNE,2030,0.35
MNG,2030,0.98
MOZ,2030,0.92
MRT,2030,0.8
MWI,2030,0.96
MYS,2030,0.97
NAM,2030,0.85
NER,2030,0.84
NGA,2030,0.61
NIC,2030,0.99
NPL,2030,0.96
PAK,2030,0.86
PER,2030,0.9
PHL,2030,0.8
PNG,2030,0.39
PRK,2030,0.98
PRY,2030,0.92
PSE,2030,0.99
RUS,2030,0.98
RWA,2030,0.96
SDN,2030,0.96
SEN,2030,0.94
SLB,2030,0.86
SLE,2030,0.96
SLV,2030,0.87
SOM,2030,0.49
SRB,2030,0.92
SSD,2030,0.52
STP,2030,0.96
SUR,2030,0.68
SWZ,2030,0.86
SYR,2030,0.69
TCD,2030,0.44
TGO,2030,0.8
THA,2030,0.96
TJK,2030,0.98
TKM,2030,0.99
TLS,2030,0.9
TON,2030,0.99
TUN,2030,0.98
TUR,2030,0.97
TUV,2030,0.96
TZA,2030,0.93
UGA,2030,0.92
UKR,2030,0.96
UZB,2030,0.98
VCT,2030,0.99
VEN,2030,0.96
VNM,2030,0.96
VUT,2030,0.85
WSM,2030,0.96
YEM,2030,0.71
ZAF,2030,0.88
ZMB,2030,0.96
ZWE,2030,0.9
